<?xml version="1.0" encoding="UTF-8"?>
<project-private xmlns="http://www.netbeans.org/ns/project-private/1">
    <editor-bookmarks xmlns="http://www.netbeans.org/ns/editor-bookmarks/2" lastBookmarkId="0"/>
    <open-files xmlns="http://www.netbeans.org/ns/projectui-open-files/2">
        <group>
            <file>file:/C:/Users/SYAH/Documents/NetBeansProjects/FYP%20Management%20System/src/java/bean/controller/logoutServlet.java</file>
            <file>file:/C:/Users/SYAH/Documents/NetBeansProjects/FYP%20Management%20System/src/java/bean/model/Session.java</file>
            <file>file:/C:/Users/SYAH/Documents/NetBeansProjects/FYP%20Management%20System/src/java/bean/controller/loginServlet.java</file>
            <file>file:/C:/Users/SYAH/Documents/NetBeansProjects/FYP%20Management%20System/web/Admin/adm_home.jsp</file>
        </group>
    </open-files>
</project-private>
